Coefficient of Variation,Mean,Standard Deviation,Ratio of Assigned CourseSeats,Allocation Type
0.3774905965694941,0.6180149711399712,0.23329484014450638,0.8956521739130435,Random from applications
0.5383693354799867,0.5140534812409813,0.27675063109688086,0.8956521739130435,Random from applications
0.4469762211841344,0.5797957251082251,0.2591549022675896,0.8956521739130435,Random from applications
0.31645080286094623,0.6007034632034631,0.19009309321208678,0.8956521739130435,Random from applications
0.40313493763305003,0.5950238997113997,0.23987492270032934,0.8956521739130435,Random from applications
0.4544889741294296,0.5578575937950937,0.2535401255142442,0.8956521739130435,Random from applications
0.2819285071622328,0.6168380230880232,0.17390422301010924,0.8956521739130435,Random from applications
0.291104254996053,0.5782647907647908,0.1683353411060329,0.8956521739130435,Random from applications
0.33257724020793333,0.5735457251082251,0.19074825438955148,0.8956521739130435,Random from applications
0.3087975177438117,0.6068858225108225,0.18740483554525345,0.8956521739130435,Random from applications
0.32309071998091005,0.6367604617604617,0.20573139604556434,0.8956521739130435,Random from applications
0.3501999855768247,0.5950058621933622,0.20837104435824158,0.8956521739130435,Random from applications
0.45347430914557596,0.5481849747474747,0.24858780270759612,0.8956521739130435,Random from applications
0.36745587566719073,0.5690949675324676,0.20911728963243434,0.8956521739130435,Random from applications
0.29844992999523057,0.6416012806637805,0.19148585729895556,0.8956521739130435,Random from applications
0.3464459584959554,0.6028679653679653,0.20886117010841118,0.8956521739130435,Random from applications
0.3732962741167128,0.6055239898989899,0.22603984931757898,0.8956521739130435,Random from applications
0.27494114530082836,0.6137626262626262,0.16874859940749073,0.8956521739130435,Random from applications
0.31156923282696675,0.5907828282828284,0.18406975257542646,0.8956521739130435,Random from applications
0.37658413329242796,0.5883522727272726,0.22156413069563016,0.8956521739130435,Random from applications
0.3608056579484087,0.6077290764790765,0.21927208929341196,0.8956521739130435,Random from applications
0.34104374885218675,0.5863884379509379,0.19998411116236575,0.8956521739130435,Random from applications
0.432134669005323,0.632449494949495,0.2733033531625837,0.8956521739130435,Random from applications
0.3483932284023535,0.6149147727272728,0.21423214286275405,0.8956521739130435,Random from applications
0.2203546662561167,0.6323638167388167,0.1393443177899261,0.8956521739130435,Random from applications
0.4024034251896569,0.5540268759018758,0.22294231251003982,0.8956521739130435,Random from applications
0.5100323257029782,0.5233405483405484,0.2669205970048018,0.8956521739130435,Random from applications
0.39080109239068167,0.5913780663780664,0.23111119435643743,0.8956521739130435,Random from applications
0.4041339495539379,0.5731376262626262,0.2316243725394839,0.8956521739130435,Random from applications
0.3040015228445488,0.6043808621933622,0.1837327024848835,0.8956521739130435,Random from applications
0.34023371494727195,0.6257530663780664,0.21290229041345637,0.8956521739130435,Random from applications
0.43995739144811313,0.5794304653679654,0.2549247160688563,0.8956521739130435,Random from applications
0.37183891630170535,0.6186913780663781,0.2300535315454107,0.8956521739130435,Random from applications
0.3213138360912414,0.6202606421356421,0.19929832630101987,0.8956521739130435,Random from applications
0.34958021900941866,0.5943046536796538,0.2077571509916501,0.8956521739130435,Random from applications
0.3628693456378538,0.6256718975468976,0.227037152046837,0.8956521739130435,Random from applications
0.40057797019421737,0.6005546536796535,0.2405689641616868,0.8956521739130435,Random from applications
0.32830667825187665,0.6029604076479076,0.19795592855228197,0.8956521739130435,Random from applications
0.4581801794398575,0.5812477453102453,0.26631619624526076,0.8956521739130435,Random from applications
0.4324840004693871,0.5971139971139972,0.2582422502081276,0.8956521739130435,Random from applications
0.36636636451223653,0.6179901695526696,0.2264108117233122,0.8956521739130435,Random from applications
0.3731996100967952,0.5590074855699856,0.2086213756559085,0.8956521739130435,Random from applications
0.35005026579684856,0.5845215548340548,0.20461192563364805,0.8956521739130435,Random from applications
0.36928768038270304,0.6332544191919193,0.23385305555547975,0.8956521739130435,Random from applications
0.4252682084046311,0.5929969336219336,0.25218274355083964,0.8956521739130435,Random from applications
0.2761696924116872,0.5935493326118326,0.16392033661857205,0.8956521739130435,Random from applications
0.32921416112266333,0.6528296356421357,0.21492076085393966,0.8956521739130435,Random from applications
0.4229900758617393,0.6089330808080808,0.25757265004573277,0.8956521739130435,Random from applications
0.32731899071942416,0.6250338203463203,0.20458543924126343,0.8956521739130435,Random from applications
0.387103476819333,0.6065205627705629,0.23478621861090337,0.8956521739130435,Random from applications
0.4299877171690434,0.6142766955266955,0.2641314340196673,0.8956521739130435,Random from applications
0.42214395453053805,0.6012423340548341,0.25381081652907844,0.8956521739130435,Random from applications
0.3220493199334779,0.5940814393939394,0.19132352354191987,0.8956521739130435,Random from applications
0.3250991164205466,0.6294868326118326,0.2046456130804753,0.8956521739130435,Random from applications
0.3457747635215196,0.6159023268398268,0.21296348141539478,0.8956521739130435,Random from applications
0.33077182924130005,0.5929044913419912,0.19611610316657296,0.8956521739130435,Random from applications
0.39180178710528524,0.6025207431457431,0.2360687039325067,0.8956521739130435,Random from applications
0.4414919666473638,0.5642451298701299,0.2491096920575608,0.8956521739130435,Random from applications
0.4035319501291711,0.5965931637806637,0.2407444028141432,0.8956521739130435,Random from applications
0.41079082441470305,0.6092983405483404,0.25029416762836326,0.8956521739130435,Random from applications
0.3706865903418191,0.6301632395382396,0.23359306262318505,0.8956521739130435,Random from applications
0.30714312603542415,0.6114741161616163,0.1878100715276269,0.8956521739130435,Random from applications
0.31711354690757887,0.5922776875901875,0.18781927826594327,0.8956521739130435,Random from applications
0.2980277416214628,0.604069715007215,0.18002953294552093,0.8956521739130435,Random from applications
0.42741676735479833,0.5945459054834055,0.25411888896574863,0.8956521739130435,Random from applications
0.4460504548824925,0.5977024711399712,0.266605459136374,0.8956521739130435,Random from applications
0.458329473729182,0.5912224927849928,0.27097469397500085,0.8956521739130435,Random from applications
0.2818555310487147,0.6779604076479078,0.19108689072760413,0.8956521739130435,Random from applications
0.31947258718685495,0.5807810245310245,0.18554361649595869,0.8956521739130435,Random from applications
0.3525115403547141,0.6111764971139971,0.2154467684262536,0.8956521739130435,Random from applications
0.3522650415375712,0.5985772907647908,0.21085785419470587,0.8956521739130435,Random from applications
0.37105698211361904,0.6150883838383839,0.22823283944021408,0.8956521739130435,Random from applications
0.34327309740323114,0.598662968975469,0.20550489166082372,0.8956521739130435,Random from applications
0.3813976409771678,0.5652935606060605,0.2156016304747351,0.8956521739130435,Random from applications
0.31616668439827716,0.644070165945166,0.20363352888673128,0.8956521739130435,Random from applications
0.5067709276973692,0.596511994949495,0.302294937063164,0.8956521739130435,Random from applications
0.33515852164677506,0.6232729076479077,0.2088952263097597,0.8956521739130435,Random from applications
0.38765504586947036,0.6271351911976912,0.24311212131010004,0.8956521739130435,Random from applications
0.3061886020289196,0.6540832431457431,0.200272833829337,0.8956521739130435,Random from applications
0.2941065053385948,0.6108721139971138,0.17966146265649083,0.8956521739130435,Random from applications
0.40131450972698846,0.5693294552669552,0.22848017121359154,0.8956521739130435,Random from applications
0.3015175145662795,0.6130433802308801,0.18484331632852563,0.8956521739130435,Random from applications
0.3729904050197741,0.6228219696969697,0.2323066187324862,0.8956521739130435,Random from applications
0.3259173264918759,0.5841675685425685,0.19039033216265358,0.8956521739130435,Random from applications
0.3029130410742179,0.6467532467532467,0.19590999279865,0.8956521739130435,Random from applications
0.3178140023945746,0.6268759018759019,0.199229939379889,0.8956521739130435,Random from applications
0.29863016242074414,0.5844899891774891,0.17454634040137254,0.8956521739130435,Random from applications
0.39457540171488087,0.5826546717171717,0.22990120115385504,0.8956521739130435,Random from applications
0.31736209259620557,0.6602340367965367,0.2095332555209891,0.8956521739130435,Random from applications
0.5088321082205709,0.5581304112554113,0.28399467382110516,0.8956521739130435,Random from applications
0.3311695680375134,0.5718231421356422,0.18937042297491427,0.8956521739130435,Random from applications
0.32911515161364846,0.5706259018759019,0.18780163021056234,0.8956521739130435,Random from applications
0.38499806250087804,0.6159316378066377,0.2371324871885481,0.8956521739130435,Random from applications
0.3676904195742288,0.6345846861471861,0.23333070950483917,0.8956521739130435,Random from applications
0.30180447051032694,0.6138167388167388,0.1852526358489615,0.8956521739130435,Random from applications
0.36516425000280833,0.6102159992784992,0.2228290677162474,0.8956521739130435,Random from applications
0.3399510375928519,0.6051001082251083,0.20570440963867254,0.8956521739130435,Random from applications
0.39171853502982007,0.6032016594516595,0.23628527036796046,0.8956521739130435,Random from applications
0.3447719244997022,0.5848304473304473,0.20163311883214002,0.8956521739130435,Random from applications
0.32289078796451237,0.6219200937950937,0.20081226913646125,0.8956521739130435,Random from applications
0.5031558418527244,0.6544981060606061,0.329314545545938,0.8956521739130435,Serial Dictatorship Picking all at once
0.5513494391420823,0.5945887445887446,0.3278261708491992,0.8956521739130435,Serial Dictatorship Picking all at once
0.43895621394899464,0.6851483585858585,0.3007501294782166,0.8956521739130435,Serial Dictatorship Picking all at once
0.4182785566385214,0.7148268398268398,0.2989967388092461,0.8956521739130435,Serial Dictatorship Picking all at once
0.5858678638706536,0.5342261904761905,0.3129859570380426,0.8956521739130435,Serial Dictatorship Picking all at once
0.4405155352496408,0.6852881493506493,0.30188007591143706,0.8956521739130435,Serial Dictatorship Picking all at once
0.528269503663081,0.6281204906204907,0.33181689982069756,0.8956521739130435,Serial Dictatorship Picking all at once
0.5306473931754527,0.6287157287157287,0.33362636249140654,0.8956521739130435,Serial Dictatorship Picking all at once
0.6298855871531813,0.4796176046176046,0.3021042164935622,0.8956521739130435,Serial Dictatorship Picking all at once
0.6093952178507231,0.555079816017316,0.33826298540641164,0.8956521739130435,Serial Dictatorship Picking all at once
0.39470752733079234,0.7276379870129871,0.28720419064585134,0.8956521739130435,Serial Dictatorship Picking all at once
0.5023537419881926,0.614157196969697,0.30852416606670674,0.8956521739130435,Serial Dictatorship Picking all at once
0.5127562272035465,0.5920837842712843,0.3035946474113423,0.8956521739130435,Serial Dictatorship Picking all at once
0.6636259201819856,0.5516571969696968,0.36609401496402993,0.8956521739130435,Serial Dictatorship Picking all at once
0.6537265679329802,0.5532174422799423,0.36165293986232827,0.8956521739130435,Serial Dictatorship Picking all at once
0.5377181417710871,0.5840773809523808,0.3140690039362376,0.8956521739130435,Serial Dictatorship Picking all at once
0.6202671066563731,0.5617018398268399,0.3484051749929555,0.8956521739130435,Serial Dictatorship Picking all at once
0.5157302358458905,0.6693700396825397,0.34521436843364933,0.8956521739130435,Serial Dictatorship Picking all at once
0.5397164831572545,0.6602949134199133,0.35637204851761944,0.8956521739130435,Serial Dictatorship Picking all at once
0.4973428134005919,0.6341923701298701,0.31541101759757906,0.8956521739130435,Serial Dictatorship Picking all at once
0.5970319472857821,0.5787540584415584,0.3455346625109129,0.8956521739130435,Serial Dictatorship Picking all at once
0.5377766007239333,0.6415652056277057,0.3450187554252188,0.8956521739130435,Serial Dictatorship Picking all at once
0.6094227596536208,0.5465525793650793,0.3330815812124712,0.8956521739130435,Serial Dictatorship Picking all at once
0.5813934000116445,0.5613794191919191,0.3263822892205521,0.8956521739130435,Serial Dictatorship Picking all at once
0.41817150556811467,0.6538893398268397,0.2734378897103301,0.8956521739130435,Serial Dictatorship Picking all at once
0.4212599965776072,0.6428819444444446,0.2708204457164722,0.8956521739130435,Serial Dictatorship Picking all at once
0.4291677895095769,0.5787157287157287,0.24836615004735327,0.8956521739130435,Serial Dictatorship Picking all at once
0.4367150743369261,0.6060380591630591,0.26466595605840176,0.8956521739130435,Serial Dictatorship Picking all at once
0.45690197810725863,0.6489921536796536,0.2965257987923237,0.8956521739130435,Serial Dictatorship Picking all at once
0.44151567822853754,0.6738095238095239,0.29749746890160983,0.8956521739130435,Serial Dictatorship Picking all at once
0.5638631840970212,0.5836783008658009,0.32911470521452957,0.8956521739130435,Serial Dictatorship Picking all at once
0.4134238776146874,0.6285443722943723,0.2598552516468291,0.8956521739130435,Serial Dictatorship Picking all at once
0.512666599116248,0.6047957251082251,0.310058567551279,0.8956521739130435,Serial Dictatorship Picking all at once
0.5742748210584202,0.5971185064935065,0.34291012346722954,0.8956521739130435,Serial Dictatorship Picking all at once
0.6221780959061092,0.527340367965368,0.3280996260351196,0.8956521739130435,Serial Dictatorship Picking all at once
0.49704586146221563,0.6421536796536798,0.3191798288945949,0.8956521739130435,Serial Dictatorship Picking all at once
0.47654896631799926,0.6270810786435788,0.29883483982517345,0.8956521739130435,Serial Dictatorship Picking all at once
0.560663840259524,0.5619521103896103,0.31506622825298286,0.8956521739130435,Serial Dictatorship Picking all at once
0.6638411723932034,0.536417748917749,0.3560961873340815,0.8956521739130435,Serial Dictatorship Picking all at once
0.4411503341169252,0.5772659632034631,0.2546610725415364,0.8956521739130435,Serial Dictatorship Picking all at once
0.6040944626530047,0.5542162698412698,0.33479897972331457,0.8956521739130435,Serial Dictatorship Picking all at once
0.41798128694046066,0.6666621572871574,0.27865230645738986,0.8956521739130435,Serial Dictatorship Picking all at once
0.4328777328478611,0.6746978715728716,0.292061685003742,0.8956521739130435,Serial Dictatorship Picking all at once
0.61028565023504,0.5733112373737373,0.3498836212876867,0.8956521739130435,Serial Dictatorship Picking all at once
0.49088173370566424,0.6671536796536797,0.3274935549165116,0.8956521739130435,Serial Dictatorship Picking all at once
0.5933568082079431,0.5715976731601732,0.33916137092540743,0.8956521739130435,Serial Dictatorship Picking all at once
0.5055437163744309,0.6621527777777778,0.3347471760854304,0.8956521739130435,Serial Dictatorship Picking all at once
0.5024175316764032,0.6048520923520924,0.30388829526884614,0.8956521739130435,Serial Dictatorship Picking all at once
0.4962297109326861,0.6748376623376624,0.3348744981083078,0.8956521739130435,Serial Dictatorship Picking all at once
0.4327361722834667,0.5815205627705627,0.25164498243746075,0.8956521739130435,Serial Dictatorship Picking all at once
0.35573952572208367,0.6674603174603174,0.23744201677164473,0.8956521739130435,Serial Dictatorship Picking all at once
0.45356588984743523,0.6424603174603174,0.2913980855805546,0.8956521739130435,Serial Dictatorship Picking all at once
0.5332824594668921,0.6538645382395383,0.3486944891105647,0.8956521739130435,Serial Dictatorship Picking all at once
0.4804411040700306,0.5931006493506492,0.284949930798678,0.8956521739130435,Serial Dictatorship Picking all at once
0.677255144885992,0.5533730158730157,0.3747747220410776,0.8956521739130435,Serial Dictatorship Picking all at once
0.5296645451232385,0.62467306998557,0.33086717746464384,0.8956521739130435,Serial Dictatorship Picking all at once
0.6172252307914975,0.5231601731601732,0.32290765861970766,0.8956521739130435,Serial Dictatorship Picking all at once
0.46476366772082306,0.589294733044733,0.2738827814984334,0.8956521739130435,Serial Dictatorship Picking all at once
0.3932170400886255,0.6950103715728716,0.2732899211407804,0.8956521739130435,Serial Dictatorship Picking all at once
0.5014973983969223,0.6176790223665223,0.3097644227611653,0.8956521739130435,Serial Dictatorship Picking all at once
0.5656817419417256,0.5763505591630592,0.3260309882764469,0.8956521739130435,Serial Dictatorship Picking all at once
0.3788072875146624,0.7272659632034632,0.27549364682284216,0.8956521739130435,Serial Dictatorship Picking all at once
0.6385349906034906,0.5866680194805194,0.3746080583063619,0.8956521739130435,Serial Dictatorship Picking all at once
0.5541191528499968,0.6109577922077921,0.3385434142452861,0.8956521739130435,Serial Dictatorship Picking all at once
0.6718698766603532,0.5093208874458874,0.34219736182881005,0.8956521739130435,Serial Dictatorship Picking all at once
0.5262077675213649,0.6360569985569985,0.3346981332270182,0.8956521739130435,Serial Dictatorship Picking all at once
0.5527470383913177,0.6317212301587302,0.349182039059158,0.8956521739130435,Serial Dictatorship Picking all at once
0.6223319547294053,0.6022524350649351,0.3748009351545053,0.8956521739130435,Serial Dictatorship Picking all at once
0.5451722080227513,0.534541847041847,0.29141735903236354,0.8956521739130435,Serial Dictatorship Picking all at once
0.39449000839903897,0.6993258477633477,0.2758770595578281,0.8956521739130435,Serial Dictatorship Picking all at once
0.5540602789865515,0.6021780303030302,0.333642927469269,0.8956521739130435,Serial Dictatorship Picking all at once
0.6155009926467805,0.5561733405483407,0.3423252431911796,0.8956521739130435,Serial Dictatorship Picking all at once
0.49336333004029465,0.6077741702741704,0.2998534885589417,0.8956521739130435,Serial Dictatorship Picking all at once
0.7172605634289344,0.526343795093795,0.37752564702629904,0.8956521739130435,Serial Dictatorship Picking all at once
0.5000642062555559,0.5968366702741702,0.29845665578486186,0.8956521739130435,Serial Dictatorship Picking all at once
0.5976086309225475,0.5614290223665224,0.33551482941664174,0.8956521739130435,Serial Dictatorship Picking all at once
0.512426609033323,0.6263325216450216,0.32094945019384885,0.8956521739130435,Serial Dictatorship Picking all at once
0.5369055109394195,0.6268804112554113,0.336575547503,0.8956521739130435,Serial Dictatorship Picking all at once
0.615874566194025,0.5527867965367965,0.34044732851488435,0.8956521739130435,Serial Dictatorship Picking all at once
0.6360541034862851,0.5422619047619046,0.34490790968809854,0.8956521739130435,Serial Dictatorship Picking all at once
0.5281009444706382,0.6500202922077922,0.34327633024001525,0.8956521739130435,Serial Dictatorship Picking all at once
0.5017571439429438,0.6156700937950939,0.30891686787371064,0.8956521739130435,Serial Dictatorship Picking all at once
0.4626207586399119,0.6301632395382395,0.2915265959421649,0.8956521739130435,Serial Dictatorship Picking all at once
0.5598925856694994,0.5773268398268399,0.3232410171270503,0.8956521739130435,Serial Dictatorship Picking all at once
0.6817028526424842,0.561634199134199,0.3828676356913605,0.8956521739130435,Serial Dictatorship Picking all at once
0.5257862709841679,0.5813920454545455,0.30568795555940326,0.8956521739130435,Serial Dictatorship Picking all at once
0.47919159653742294,0.6192573051948053,0.2967428967437609,0.8956521739130435,Serial Dictatorship Picking all at once
0.5504071090825258,0.5614177489177489,0.30900832016943747,0.8956521739130435,Serial Dictatorship Picking all at once
0.3991379362878388,0.7037472943722944,0.2808922427439078,0.8956521739130435,Serial Dictatorship Picking all at once
0.7467628492420223,0.4827786796536796,0.36052118237148334,0.8956521739130435,Serial Dictatorship Picking all at once
0.46009458814735416,0.6495738636363637,0.29886541926105836,0.8956521739130435,Serial Dictatorship Picking all at once
0.5971961569654884,0.575937950937951,0.34394793095072235,0.8956521739130435,Serial Dictatorship Picking all at once
0.48870120395407896,0.6060921717171718,0.2961979740253242,0.8956521739130435,Serial Dictatorship Picking all at once
0.6980935850998923,0.5335340007215008,0.372456663336361,0.8956521739130435,Serial Dictatorship Picking all at once
0.6738386353948821,0.5120242604617605,0.3450217289586264,0.8956521739130435,Serial Dictatorship Picking all at once
0.3924176331620536,0.7343930375180375,0.2881887775935195,0.8956521739130435,Serial Dictatorship Picking all at once
0.4580960065493387,0.6570211038961038,0.3009787439134433,0.8956521739130435,Serial Dictatorship Picking all at once
0.485976261402532,0.608292748917749,0.2956158359573167,0.8956521739130435,Serial Dictatorship Picking all at once
0.5528274036212156,0.6205830627705627,0.3430753233227521,0.8956521739130435,Serial Dictatorship Picking all at once
0.48578808366765386,0.64375,0.3127260788610522,0.8956521739130435,Serial Dictatorship Picking all at once
0.35878588754209373,0.6554901695526695,0.23518062225807201,0.8956521739130435,Round Robin Quota 5
0.3699683247774988,0.68346636002886,0.2528609042616522,0.8956521739130435,Round Robin Quota 5
0.3285823072979045,0.6935854076479077,0.22789989355310716,0.8956521739130435,Round Robin Quota 5
0.3623699682776717,0.6887806637806637,0.24959342728447279,0.8956521739130435,Round Robin Quota 5
0.37206934992544194,0.6529108044733045,0.24292809857967976,0.8956521739130435,Round Robin Quota 5
0.37998623305297435,0.6927804834054834,0.26324704622186823,0.8956521739130435,Round Robin Quota 5
0.38198705127010446,0.6538532647907649,0.2497634805807551,0.8956521739130435,Round Robin Quota 5
0.27606048672857625,0.6498354076479076,0.17939387892874412,0.8956521739130435,Round Robin Quota 5
0.371528551962048,0.7034068362193363,0.2613357233007755,0.8956521739130435,Round Robin Quota 5
0.3376546141092223,0.6611449314574315,0.22323863670152727,0.8956521739130435,Round Robin Quota 5
0.3753694767377321,0.6802985209235208,0.2553632998245151,0.8956521739130435,Round Robin Quota 5
0.37144024568232303,0.6808621933621934,0.25289962037825847,0.8956521739130435,Round Robin Quota 5
0.38004972861318076,0.6828711219336219,0.25952498456865125,0.8956521739130435,Round Robin Quota 5
0.31213830512911067,0.6907084235209235,0.21559655665622104,0.8956521739130435,Round Robin Quota 5
0.31623531668333427,0.6903183621933621,0.2183030458805385,0.8956521739130435,Round Robin Quota 5
0.34756955031539055,0.684738005050505,0.23799408049926163,0.8956521739130435,Round Robin Quota 5
0.419993361026233,0.677513979076479,0.28455137321458734,0.8956521739130435,Round Robin Quota 5
0.3692423985594633,0.659149531024531,0.24338595384484318,0.8956521739130435,Round Robin Quota 5
0.3421333600775019,0.6879306457431458,0.2353640233283881,0.8956521739130435,Round Robin Quota 5
0.3756209914430703,0.6839443542568542,0.2569038564378501,0.8956521739130435,Round Robin Quota 5
0.3647703444266951,0.7002457611832612,0.25542888749015147,0.8956521739130435,Round Robin Quota 5
0.4175756398611864,0.7023967352092353,0.29330376614140474,0.8956521739130435,Round Robin Quota 5
0.3725994188089387,0.694279852092352,0.25868826938036626,0.8956521739130435,Round Robin Quota 5
0.3787197458715971,0.7034068362193362,0.26639405825733115,0.8956521739130435,Round Robin Quota 5
0.3307532190500643,0.6941806457431458,0.22960248318179777,0.8956521739130435,Round Robin Quota 5
0.35654839219519874,0.6817122113997114,0.24306339291440052,0.8956521739130435,Round Robin Quota 5
0.33694565811478855,0.7010258838383837,0.2362076277854255,0.8956521739130435,Round Robin Quota 5
0.3961747659674833,0.681315386002886,0.2699199635997389,0.8956521739130435,Round Robin Quota 5
0.3533093921608967,0.6778860028860029,0.23950349163403353,0.8956521739130435,Round Robin Quota 5
0.3441433457355893,0.6661300505050505,0.22924422427582514,0.8956521739130435,Round Robin Quota 5
0.3712059885416196,0.7091495310245309,0.26324055268778696,0.8956521739130435,Round Robin Quota 5
0.38048449852752114,0.6998489357864357,0.26628167137772135,0.8956521739130435,Round Robin Quota 5
0.3663117524885855,0.6885258838383839,0.25221512314259065,0.8956521739130435,Round Robin Quota 5
0.381396784132431,0.6944850288600288,0.26487435663533354,0.8956521739130435,Round Robin Quota 5
0.3634151892546472,0.6889790764790764,0.2503854614711356,0.8956521739130435,Round Robin Quota 5
0.338869405738073,0.6756110209235209,0.22894390517044633,0.8956521739130435,Round Robin Quota 5
0.4402129822466854,0.6560110028860029,0.2887845599670863,0.8956521739130435,Round Robin Quota 5
0.39499240062201285,0.6661368145743146,0.26311897953140917,0.8956521739130435,Round Robin Quota 5
0.4004405761848083,0.6832499098124097,0.27360098756349965,0.8956521739130435,Round Robin Quota 5
0.3781396267132949,0.6740417568542568,0.25488189832604213,0.8956521739130435,Round Robin Quota 5
0.34705849816894363,0.7132282647907646,0.2475319304299244,0.8956521739130435,Round Robin Quota 5
0.3780514319177772,0.6786300505050504,0.2565570623358678,0.8956521739130435,Round Robin Quota 5
0.3943540935158921,0.6986584595959596,0.2755188235111742,0.8956521739130435,Round Robin Quota 5
0.32853700513631584,0.7023042929292929,0.23073294909336775,0.8956521739130435,Round Robin Quota 5
0.34232196252666247,0.6891278860028859,0.23590361036835802,0.8956521739130435,Round Robin Quota 5
0.4097228260662702,0.6662044552669553,0.272959172149917,0.8956521739130435,Round Robin Quota 5
0.34397013504552376,0.7164659992784992,0.24644290652735149,0.8956521739130435,Round Robin Quota 5
0.37377376037034105,0.725232233044733,0.2710727788869094,0.8956521739130435,Round Robin Quota 5
0.33486894651085697,0.689301497113997,0.23082566616692068,0.8956521739130435,Round Robin Quota 5
0.3614066319352392,0.6694782647907648,0.24195388483187852,0.8956521739130435,Round Robin Quota 5
0.36550747705630215,0.6784068362193363,0.2479627711242776,0.8956521739130435,Round Robin Quota 5
0.3564804020468041,0.6937657828282828,0.24731390518894203,0.8956521739130435,Round Robin Quota 5
0.34032171328037536,0.6870377886002885,0.23381387730481054,0.8956521739130435,Round Robin Quota 5
0.36350942660732094,0.7050820707070706,0.25630397923382975,0.8956521739130435,Round Robin Quota 5
0.3667263210429388,0.6986584595959596,0.25621644655315295,0.8956521739130435,Round Robin Quota 5
0.35744252875991855,0.7205582611832612,0.2575581669961947,0.8956521739130435,Round Robin Quota 5
0.35886738106943605,0.6986516955266956,0.2507233042533863,0.8956521739130435,Round Robin Quota 5
0.3329277810481332,0.7038780663780664,0.23434056276770024,0.8956521739130435,Round Robin Quota 5
0.3514617862475937,0.6982052669552669,0.24539247029157613,0.8956521739130435,Round Robin Quota 5
0.3661053637592628,0.6992401695526695,0.25599557662916866,0.8956521739130435,Round Robin Quota 5
0.29781217614790334,0.6867469336219336,0.2045215987648478,0.8956521739130435,Round Robin Quota 5
0.32892620511151455,0.7323750901875903,0.2408973591336073,0.8956521739130435,Round Robin Quota 5
0.337795485367434,0.689127886002886,0.2327842887325786,0.8956521739130435,Round Robin Quota 5
0.33105192184169296,0.6761250901875901,0.2238325105119897,0.8956521739130435,Round Robin Quota 5
0.36331967769371026,0.6929901695526696,0.25177696504678554,0.8956521739130435,Round Robin Quota 5
0.35986733601553633,0.6754306457431457,0.2430654271468393,0.8956521739130435,Round Robin Quota 5
0.38715601510772824,0.6581822691197692,0.2548192245269722,0.8956521739130435,Round Robin Quota 5
0.3359781630388269,0.7117536976911977,0.2391336998863811,0.8956521739130435,Round Robin Quota 5
0.3797677977578808,0.6744273088023088,0.25612577381162704,0.8956521739130435,Round Robin Quota 5
0.33538831144322284,0.6880366161616162,0.23075943890555328,0.8956521739130435,Round Robin Quota 5
0.37631479041930055,0.6958558802308803,0.2618608597311216,0.8956521739130435,Round Robin Quota 5
0.3347805794538226,0.6643511002886002,0.2224118463154022,0.8956521739130435,Round Robin Quota 5
0.34714213344780126,0.6605496933621934,0.22930462980204275,0.8956521739130435,Round Robin Quota 5
0.3217832797615663,0.6953102453102452,0.22373921118774992,0.8956521739130435,Round Robin Quota 5
0.3553399607076425,0.700232233044733,0.24882049417634022,0.8956521739130435,Round Robin Quota 5
0.32684518843277405,0.6730496933621934,0.21998305385158692,0.8956521739130435,Round Robin Quota 5
0.4055103710828674,0.6726776695526695,0.27277777139946147,0.8956521739130435,Round Robin Quota 5
0.3396731098103259,0.6754306457431458,0.2294256279007709,0.8956521739130435,Round Robin Quota 5
0.38004766672015056,0.6751465548340547,0.25658787285883067,0.8956521739130435,Round Robin Quota 5
0.3527669168972398,0.6889294733044733,0.24303152625725832,0.8956521739130435,Round Robin Quota 5
0.33547257753275783,0.6828711219336219,0.2290845353977583,0.8956521739130435,Round Robin Quota 5
0.36297752267446487,0.680886994949495,0.24714667464802856,0.8956521739130435,Round Robin Quota 5
0.4182783265907412,0.6876397907647906,0.28762482097830405,0.8956521739130435,Round Robin Quota 5
0.3278314393271263,0.7076727092352092,0.23199736284110556,0.8956521739130435,Round Robin Quota 5
0.3754692485249021,0.646263979076479,0.24265225057255863,0.8956521739130435,Round Robin Quota 5
0.3643618626793639,0.6662923881673881,0.24277153564175127,0.8956521739130435,Round Robin Quota 5
0.3019067842683369,0.6880185786435785,0.20771747659515463,0.8956521739130435,Round Robin Quota 5
0.4072757270094563,0.6835655663780663,0.2783996630052577,0.8956521739130435,Round Robin Quota 5
0.3655016918732905,0.6836151695526695,0.24986250106174707,0.8956521739130435,Round Robin Quota 5
0.3366084918135038,0.684359217171717,0.23036112395084174,0.8956521739130435,Round Robin Quota 5
0.2781132701170186,0.6575735028860028,0.182879917229929,0.8956521739130435,Round Robin Quota 5
0.3237703800852067,0.6951118326118325,0.2250566222464576,0.8956521739130435,Round Robin Quota 5
0.3633973910818778,0.6787044552669552,0.24663942835965855,0.8956521739130435,Round Robin Quota 5
0.34969178953887026,0.6563965548340549,0.22953648590706982,0.8956521739130435,Round Robin Quota 5
0.38946472553828543,0.6906836219336219,0.26899690725016695,0.8956521739130435,Round Robin Quota 5
0.3111296119459584,0.7091675685425686,0.2206430304053082,0.8956521739130435,Round Robin Quota 5
0.29669130835237456,0.6684433621933621,0.1983213356886088,0.8956521739130435,Round Robin Quota 5
0.290489652647281,0.7123421717171716,0.20692803002813098,0.8956521739130435,Round Robin Quota 5
0.3504599664510492,0.6848056457431457,0.23999696363263195,0.8956521739130435,Round Robin Quota 5
0.3176409758780613,0.6935854076479077,0.22031114574006436,0.8956521739130435,Round Robin Quota 5
0.2984651949988091,0.6999165764790765,0.2089007374817264,0.8956521739130435,Round Robin Quota 2
0.2969705642215282,0.7067618145743146,0.2098874548443653,0.8956521739130435,Round Robin Quota 2
0.31240133867543535,0.7034880050505051,0.21977059451988923,0.8956521739130435,Round Robin Quota 2
0.37491870301894026,0.704752886002886,0.26422503796905705,0.8956521739130435,Round Robin Quota 2
0.30719822674238695,0.6841427669552669,0.21016744484728805,0.8956521739130435,Round Robin Quota 2
0.315196575551142,0.6883838383838384,0.21697622852333667,0.8956521739130435,Round Robin Quota 2
0.3201336227101092,0.7014046717171717,0.22454321854261305,0.8956521739130435,Round Robin Quota 2
0.2910534706878172,0.7053481240981241,0.2052940195619002,0.8956521739130435,Round Robin Quota 2
0.3151880066783241,0.6951546717171717,0.2191044153116601,0.8956521739130435,Round Robin Quota 2
0.331156245957527,0.7068362193362192,0.2340732289021935,0.8956521739130435,Round Robin Quota 2
0.3085711882140331,0.6943362193362194,0.21425215222061672,0.8956521739130435,Round Robin Quota 2
0.3026489737737968,0.7061665764790765,0.2137205896847479,0.8956521739130435,Round Robin Quota 2
0.3009919503488023,0.6894999098124097,0.20753392261976047,0.8956521739130435,Round Robin Quota 2
0.2964382064936238,0.7065386002886004,0.20944503548806806,0.8956521739130435,Round Robin Quota 2
0.3464425584589378,0.7177737193362193,0.24866736372142734,0.8956521739130435,Round Robin Quota 2
0.3516264000354579,0.7198570526695527,0.25312074397032985,0.8956521739130435,Round Robin Quota 2
0.36002348683132995,0.7031903860028861,0.25316505467502787,0.8956521739130435,Round Robin Quota 2
0.3110809285518865,0.704752886002886,0.2192351821773996,0.8956521739130435,Round Robin Quota 2
0.31016905049288557,0.7162856240981241,0.22216963190821912,0.8956521739130435,Round Robin Quota 2
0.33448989511063626,0.7049761002886004,0.23580738184103933,0.8956521739130435,Round Robin Quota 2
0.3493457888998325,0.7032647907647909,0.2456825931352015,0.8956521739130435,Round Robin Quota 2
0.37702623754223563,0.7103332431457432,0.2678142700644136,0.8956521739130435,Round Robin Quota 2
0.3261657721311456,0.7085475288600288,0.23110395184224647,0.8956521739130435,Round Robin Quota 2
0.29081322262252857,0.6883094336219335,0.2001694845530819,0.8956521739130435,Round Robin Quota 2
0.3298973839584971,0.7064641955266956,0.23306068996460108,0.8956521739130435,Round Robin Quota 2
0.3418450605951852,0.7025951479076479,0.240178680910373,0.8956521739130435,Round Robin Quota 2
0.3360355258407762,0.7109284812409812,0.2388972260289975,0.8956521739130435,Round Robin Quota 2
0.2947590507796882,0.6916576479076479,0.20387235176177013,0.8956521739130435,Round Robin Quota 2
0.31402872192141645,0.7142022907647908,0.22428003256221513,0.8956521739130435,Round Robin Quota 2
0.33821208753754706,0.6916576479076479,0.23392697696015533,0.8956521739130435,Round Robin Quota 2
0.31571259218830466,0.7210475288600289,0.22764378442737113,0.8956521739130435,Round Robin Quota 2
0.3331209032078791,0.7144999098124097,0.23801485529865812,0.8956521739130435,Round Robin Quota 2
0.35350171257652646,0.7181457431457431,0.2538657500815625,0.8956521739130435,Round Robin Quota 2
0.3393781642249966,0.7144999098124099,0.24248566773106128,0.8956521739130435,Round Robin Quota 2
0.3365049256229831,0.6951546717171717,0.2339229711026561,0.8956521739130435,Round Robin Quota 2
0.3122563434886293,0.7103332431457432,0.22180606116310922,0.8956521739130435,Round Robin Quota 2
0.303154425927135,0.7014046717171717,0.21263393059702976,0.8956521739130435,Round Robin Quota 2
0.34147284331530264,0.7103332431457432,0.24255951223835714,0.8956521739130435,Round Robin Quota 2
0.308560310008767,0.704752886002886,0.2174587689846237,0.8956521739130435,Round Robin Quota 2
0.2764036059362727,0.6993213383838384,0.1932949396374733,0.8956521739130435,Round Robin Quota 2
0.36055906262846066,0.7046784812409813,0.2540782126506955,0.8956521739130435,Round Robin Quota 2
0.32140930938087287,0.6993213383838384,0.22476838840525717,0.8956521739130435,Round Robin Quota 2
0.2837949044156041,0.6990237193362192,0.1983793696132624,0.8956521739130435,Round Robin Quota 2
0.3226813128733912,0.711002886002886,0.22942734471218135,0.8956521739130435,Round Robin Quota 2
0.32876842259767725,0.7103332431457432,0.23353513986771832,0.8956521739130435,Round Robin Quota 2
0.27756099293636227,0.6894999098124097,0.1913782795970647,0.8956521739130435,Round Robin Quota 2
0.3052877803126646,0.6939641955266956,0.21185878886880888,0.8956521739130435,Round Robin Quota 2
0.33152997828204345,0.6990981240981242,0.23177198589926842,0.8956521739130435,Round Robin Quota 2
0.32929631050786085,0.7028927669552669,0.23145999484103105,0.8956521739130435,Round Robin Quota 2
0.32688244420028256,0.7014046717171717,0.22927687346440587,0.8956521739130435,Round Robin Quota 2
0.30412524823684983,0.7067618145743146,0.21494411230173988,0.8956521739130435,Round Robin Quota 2
0.28558993368652275,0.6951546717171716,0.1985291765975835,0.8956521739130435,Round Robin Quota 2
0.34147284331530264,0.7103332431457432,0.24255951223835714,0.8956521739130435,Round Robin Quota 2
0.38152572951394925,0.7177737193362194,0.27384914189569176,0.8956521739130435,Round Robin Quota 2
0.30699201996451914,0.6993213383838384,0.21468607027474557,0.8956521739130435,Round Robin Quota 2
0.32461499953486594,0.6901695526695526,0.22403938901880546,0.8956521739130435,Round Robin Quota 2
0.3281963142994395,0.6957499098124098,0.22834255607460036,0.8956521739130435,Round Robin Quota 2
0.3448739106347641,0.704752886002886,0.2430508838269514,0.8956521739130435,Round Robin Quota 2
0.31512473954552767,0.6936665764790764,0.2185914992444068,0.8956521739130435,Round Robin Quota 2
0.3465780132970193,0.7196338383838384,0.249409266008379,0.8956521739130435,Round Robin Quota 2
0.28886321576309826,0.6818362193362193,0.1969574029412135,0.8956521739130435,Round Robin Quota 2
0.3235439799188049,0.7136070526695526,0.2308832659188353,0.8956521739130435,Round Robin Quota 2
0.3226813128733912,0.711002886002886,0.22942734471218135,0.8956521739130435,Round Robin Quota 2
0.3397248694360695,0.708845147907648,0.2408123253233171,0.8956521739130435,Round Robin Quota 2
0.3158378343329908,0.6863005050505051,0.21675966521678933,0.8956521739130435,Round Robin Quota 2
0.34527952723151,0.704455266955267,0.24323398153006173,0.8956521739130435,Round Robin Quota 2
0.3297968786109443,0.7162856240981241,0.23622876302145354,0.8956521739130435,Round Robin Quota 2
0.32406346126581376,0.7086219336219337,0.22963847653839756,0.8956521739130435,Round Robin Quota 2
0.33406414653678884,0.7071338383838384,0.23622806220698053,0.8956521739130435,Round Robin Quota 2
0.36849527735330634,0.7121933621933623,0.2624398905306268,0.8956521739130435,Round Robin Quota 2
0.34005235047683596,0.7195594336219336,0.24468787671091935,0.8956521739130435,Round Robin Quota 2
0.32442522164576526,0.699395743145743,0.2269016189881624,0.8956521739130435,Round Robin Quota 2
0.3713371383029418,0.7103332431457432,0.263773113751188,0.8956521739130435,Round Robin Quota 2
0.3120183040313166,0.6854076479076479,0.21385973187023805,0.8956521739130435,Round Robin Quota 2
0.31764427036277904,0.7198570526695527,0.22865846826072064,0.8956521739130435,Round Robin Quota 2
0.33217562925503463,0.7154671717171717,0.23766075797647143,0.8956521739130435,Round Robin Quota 2
0.31622560163881647,0.7008094336219336,0.22161388478125418,0.8956521739130435,Round Robin Quota 2
0.293269632856469,0.6951546717171717,0.20386775535295418,0.8956521739130435,Round Robin Quota 2
0.26845209555838323,0.697238005050505,0.18717500355875466,0.8956521739130435,Round Robin Quota 2
0.2760732810101477,0.7103332431457432,0.19610402904582436,0.8956521739130435,Round Robin Quota 2
0.2566737239688051,0.6936665764790764,0.1780459833775765,0.8956521739130435,Round Robin Quota 2
0.359312943286084,0.686002886002886,0.2464897160724449,0.8956521739130435,Round Robin Quota 2
0.3083812423357369,0.7025951479076479,0.21666716457082125,0.8956521739130435,Round Robin Quota 2
0.30086965179778546,0.7150951479076479,0.21515042815325994,0.8956521739130435,Round Robin Quota 2
0.3376360915779041,0.6987261002886003,0.23591514958491364,0.8956521739130435,Round Robin Quota 2
0.30273930669759574,0.696940386002886,0.21099124926806848,0.8956521739130435,Round Robin Quota 2
0.3348736188021013,0.715690386002886,0.2396658295026592,0.8956521739130435,Round Robin Quota 2
0.3233185088897544,0.691583243145743,0.2236016629470221,0.8956521739130435,Round Robin Quota 2
0.3133293993976192,0.6883094336219335,0.21566758143647588,0.8956521739130435,Round Robin Quota 2
0.3257049588007369,0.7165832431457432,0.23339471568608272,0.8956521739130435,Round Robin Quota 2
0.3233185088897544,0.691583243145743,0.2236016629470221,0.8956521739130435,Round Robin Quota 2
0.34224598321393945,0.7028927669552669,0.24056222612057174,0.8956521739130435,Round Robin Quota 2
0.3348993932462624,0.7046784812409812,0.2359963958013023,0.8956521739130435,Round Robin Quota 2
0.35422897151133853,0.7163600288600288,0.2537554762549208,0.8956521739130435,Round Robin Quota 2
0.35197030874313334,0.7142022907647908,0.2513780007855365,0.8956521739130435,Round Robin Quota 2
0.35204214044866966,0.7195594336219335,0.2533152431922979,0.8956521739130435,Round Robin Quota 2
0.32090385751789885,0.7052737193362193,0.2263250571409887,0.8956521739130435,Round Robin Quota 2
0.2705928298914317,0.6880862193362193,0.18619119729948394,0.8956521739130435,Round Robin Quota 2
0.2775626819368774,0.699395743145743,0.19412615820276788,0.8956521739130435,Round Robin Quota 2
0.3456812425745046,0.7198570526695527,0.24884108044283157,0.8956521739130435,Round Robin Quota 2
0.34907456577462515,0.7082499098124098,0.24723202972768435,0.8956521739130435,Round Robin
0.35515581083293674,0.7082499098124098,0.2515390709917807,0.8956521739130435,Round Robin
0.33019139609439235,0.6915832431457432,0.22835483656978053,0.8956521739130435,Round Robin
0.33019139609439235,0.6915832431457432,0.22835483656978053,0.8956521739130435,Round Robin
0.28682367257506686,0.6909880050505051,0.1981917173139047,0.8956521739130435,Round Robin
0.3099577452010675,0.696940386002886,0.21602207058501616,0.8956521739130435,Round Robin
0.31663864071777553,0.7005118145743146,0.22180910877355337,0.8956521739130435,Round Robin
0.31597576721986803,0.710035624098124,0.22435405107784256,0.8956521739130435,Round Robin
0.33019139609439235,0.6915832431457432,0.22835483656978053,0.8956521739130435,Round Robin
0.2967356365168155,0.7040832431457431,0.20892658931567587,0.8956521739130435,Round Robin
0.33650492562298306,0.6951546717171717,0.23392297110265609,0.8956521739130435,Round Robin
0.31597576721986803,0.710035624098124,0.22435405107784256,0.8956521739130435,Round Robin
0.3226480573246273,0.710035624098124,0.22909161474653905,0.8956521739130435,Round Robin
0.32993377004431956,0.6820594336219337,0.2250344403291779,0.8956521739130435,Round Robin
0.32993377004431956,0.6820594336219337,0.2250344403291779,0.8956521739130435,Round Robin
0.29456249010324187,0.6909880050505051,0.20353914739914825,0.8956521739130435,Round Robin
0.30273930669759574,0.696940386002886,0.21099124926806848,0.8956521739130435,Round Robin
0.3365049256229832,0.6951546717171716,0.2339229711026561,0.8956521739130435,Round Robin
0.31663864071777553,0.7005118145743146,0.22180910877355337,0.8956521739130435,Round Robin
0.3368591703442794,0.6820594336219337,0.2297579749353737,0.8956521739130435,Round Robin
0.30964866321095186,0.7005118145743146,0.21691254694641468,0.8956521739130435,Round Robin
0.3483541344008376,0.7046784812409813,0.24547766236359894,0.8956521739130435,Round Robin
0.33019139609439235,0.6915832431457432,0.22835483656978053,0.8956521739130435,Round Robin
0.3109966369611555,0.7040832431457431,0.21896752075902962,0.8956521739130435,Round Robin
0.3235439799188049,0.7136070526695526,0.2308832659188353,0.8956521739130435,Round Robin
0.30915950906451584,0.710035624098124,0.21951426496449314,0.8956521739130435,Round Robin
0.3169576756369104,0.7136070526695526,0.2261832327322477,0.8956521739130435,Round Robin
0.31788731228566397,0.7040832431457431,0.22381912978897392,0.8956521739130435,Round Robin
0.3368591703442794,0.6820594336219337,0.2297579749353737,0.8956521739130435,Round Robin
0.3235439799188049,0.7136070526695526,0.2308832659188353,0.8956521739130435,Round Robin
0.315627433150069,0.6820594336219336,0.21527666828988076,0.8956521739130435,Round Robin
0.2951725364829651,0.7005118145743146,0.20677184914418495,0.8956521739130435,Round Robin
0.3020756946782908,0.6874165764790765,0.20765183987328947,0.8956521739130435,Round Robin
0.33019139609439235,0.6915832431457432,0.22835483656978053,0.8956521739130435,Round Robin
0.28682367257506686,0.6909880050505051,0.1981917173139047,0.8956521739130435,Round Robin
0.3433991053998033,0.6856308621933622,0.2354450247116964,0.8956521739130435,Round Robin
0.3020756946782908,0.6874165764790765,0.20765183987328947,0.8956521739130435,Round Robin
0.3312389070358618,0.7040832431457431,0.23321976392186086,0.8956521739130435,Round Robin
0.33019139609439235,0.6915832431457432,0.22835483656978053,0.8956521739130435,Round Robin
0.3365049256229832,0.6951546717171716,0.2339229711026561,0.8956521739130435,Round Robin
0.3039497871196724,0.7040832431457431,0.21400595186867719,0.8956521739130435,Round Robin
0.2785881971352226,0.6874165764790765,0.19150614472217278,0.8956521739130435,Round Robin
0.34907456577462515,0.7082499098124098,0.24723202972768435,0.8956521739130435,Round Robin
0.3483541344008376,0.7046784812409813,0.24547766236359894,0.8956521739130435,Round Robin
0.32993377004431956,0.6820594336219337,0.2250344403291779,0.8956521739130435,Round Robin
0.31788731228566397,0.7040832431457431,0.22381912978897392,0.8956521739130435,Round Robin
0.3169576756369104,0.7136070526695526,0.2261832327322477,0.8956521739130435,Round Robin
0.33019139609439235,0.6915832431457432,0.22835483656978053,0.8956521739130435,Round Robin
0.3312389070358618,0.7040832431457431,0.23321976392186086,0.8956521739130435,Round Robin
0.3433991053998033,0.6856308621933622,0.2354450247116964,0.8956521739130435,Round Robin
0.34907456577462515,0.7082499098124098,0.24723202972768435,0.8956521739130435,Round Robin
0.31663864071777553,0.7005118145743146,0.22180910877355337,0.8956521739130435,Round Robin
0.3235439799188049,0.7136070526695526,0.2308832659188353,0.8956521739130435,Round Robin
0.34208841782422006,0.7046784812409813,0.24106234672250162,0.8956521739130435,Round Robin
0.34907456577462515,0.7082499098124098,0.24723202972768435,0.8956521739130435,Round Robin
0.32983343923233993,0.6951546717171717,0.22928525617090295,0.8956521739130435,Round Robin
0.3420884178242201,0.7046784812409813,0.24106234672250165,0.8956521739130435,Round Robin
0.33692411299702724,0.6915832431457432,0.23301107076048694,0.8956521739130435,Round Robin
0.30273930669759574,0.696940386002886,0.21099124926806848,0.8956521739130435,Round Robin
0.3291851338085117,0.7100356240981242,0.2337331719275511,0.8956521739130435,Round Robin
0.30273930669759574,0.696940386002886,0.21099124926806848,0.8956521739130435,Round Robin
0.3169576756369104,0.7136070526695526,0.2261832327322477,0.8956521739130435,Round Robin
0.34907456577462515,0.7082499098124098,0.24723202972768435,0.8956521739130435,Round Robin
0.3166461508607714,0.6909880050505051,0.21879869209020572,0.8956521739130435,Round Robin
0.3312389070358618,0.7040832431457431,0.23321976392186086,0.8956521739130435,Round Robin
0.31597576721986803,0.710035624098124,0.22435405107784256,0.8956521739130435,Round Robin
0.3420884178242201,0.7046784812409813,0.24106234672250165,0.8956521739130435,Round Robin
0.3020756946782908,0.6874165764790765,0.20765183987328947,0.8956521739130435,Round Robin
0.3440904956489682,0.6987261002886003,0.24042501017117512,0.8956521739130435,Round Robin
0.33019139609439235,0.6915832431457432,0.22835483656978053,0.8956521739130435,Round Robin
0.3235439799188049,0.7136070526695526,0.2308832659188353,0.8956521739130435,Round Robin
0.29445476970937184,0.6874165764790765,0.20241308972155128,0.8956521739130435,Round Robin
0.33019139609439235,0.6915832431457432,0.22835483656978053,0.8956521739130435,Round Robin
0.3235439799188049,0.7136070526695526,0.2308832659188353,0.8956521739130435,Round Robin
0.3433991053998033,0.6856308621933622,0.2354450247116964,0.8956521739130435,Round Robin
0.30273930669759574,0.696940386002886,0.21099124926806848,0.8956521739130435,Round Robin
0.3099577452010675,0.696940386002886,0.21602207058501616,0.8956521739130435,Round Robin
0.30822535347943547,0.6820594336219336,0.210228010022104,0.8956521739130435,Round Robin
0.33019139609439235,0.6915832431457432,0.22835483656978053,0.8956521739130435,Round Robin
0.34907456577462515,0.7082499098124098,0.24723202972768435,0.8956521739130435,Round Robin
0.3440904956489682,0.6987261002886003,0.24042501017117512,0.8956521739130435,Round Robin
0.2785881971352226,0.6874165764790765,0.19150614472217278,0.8956521739130435,Round Robin
0.32999885717718347,0.7136070526695526,0.23548951185453054,0.8956521739130435,Round Robin
0.3169576756369104,0.7136070526695526,0.2261832327322477,0.8956521739130435,Round Robin
0.2785881971352226,0.6874165764790765,0.19150614472217278,0.8956521739130435,Round Robin
0.32993377004431956,0.6820594336219337,0.2250344403291779,0.8956521739130435,Round Robin
0.34907456577462515,0.7082499098124098,0.24723202972768435,0.8956521739130435,Round Robin
0.34352490125593993,0.6915832431457432,0.23757606531190412,0.8956521739130435,Round Robin
0.323477608132111,0.7005118145743146,0.22659988624678415,0.8956521739130435,Round Robin
0.34907456577462515,0.7082499098124098,0.24723202972768435,0.8956521739130435,Round Robin
0.3095090293127888,0.6874165764790765,0.2127616373195594,0.8956521739130435,Round Robin
0.30273930669759574,0.696940386002886,0.21099124926806848,0.8956521739130435,Round Robin
0.3312389070358618,0.7040832431457431,0.23321976392186086,0.8956521739130435,Round Robin
0.3235439799188049,0.7136070526695526,0.2308832659188353,0.8956521739130435,Round Robin
0.33650492562298306,0.6951546717171717,0.23392297110265609,0.8956521739130435,Round Robin
0.32434218445355406,0.6987261002886003,0.2266263497023177,0.8956521739130435,Round Robin
0.32993377004431956,0.6820594336219337,0.2250344403291779,0.8956521739130435,Round Robin
0.3483541344008376,0.7046784812409813,0.24547766236359894,0.8956521739130435,Round Robin
0.2951725364829651,0.7005118145743146,0.20677184914418495,0.8956521739130435,Round Robin
0.33019139609439235,0.6915832431457432,0.22835483656978053,0.8956521739130435,Round Robin
0.3095090293127888,0.6874165764790765,0.2127616373195594,0.8956521739130435,Round Robin re-permutated
0.34288548375964456,0.7082499098124098,0.24284861294875273,0.8956521739130435,Round Robin re-permutated
0.3365826161218488,0.7082499098124098,0.23838460751272436,0.8956521739130435,Round Robin re-permutated
0.35515581083293674,0.7082499098124098,0.2515390709917807,0.8956521739130435,Round Robin re-permutated
0.3109966369611555,0.7040832431457431,0.21896752075902962,0.8956521739130435,Round Robin re-permutated
0.3376360915779041,0.6987261002886003,0.23591514958491364,0.8956521739130435,Round Robin re-permutated
0.3099577452010675,0.696940386002886,0.21602207058501616,0.8956521739130435,Round Robin re-permutated
0.3109966369611555,0.7040832431457431,0.21896752075902962,0.8956521739130435,Round Robin re-permutated
0.35664905287390314,0.6987261002886003,0.24920000188620514,0.8956521739130435,Round Robin re-permutated
0.31701186066221365,0.696940386002886,0.2209383685374163,0.8956521739130435,Round Robin re-permutated
0.3226480573246273,0.710035624098124,0.22909161474653905,0.8956521739130435,Round Robin re-permutated
0.3096486632109518,0.7005118145743146,0.21691254694641465,0.8956521739130435,Round Robin re-permutated
0.34907456577462515,0.7082499098124098,0.24723202972768435,0.8956521739130435,Round Robin re-permutated
0.33650492562298306,0.6951546717171717,0.23392297110265609,0.8956521739130435,Round Robin re-permutated
0.361134666663363,0.7082499098124099,0.25577359509446157,0.8956521739130435,Round Robin re-permutated
0.30273930669759574,0.696940386002886,0.21099124926806848,0.8956521739130435,Round Robin re-permutated
0.3365049256229831,0.6951546717171717,0.2339229711026561,0.8956521739130435,Round Robin re-permutated
0.3024972073607597,0.7005118145743146,0.21190286763194846,0.8956521739130435,Round Robin re-permutated
0.31788731228566397,0.7040832431457431,0.22381912978897392,0.8956521739130435,Round Robin re-permutated
0.3083404272205846,0.6856308621933621,0.211407712964319,0.8956521739130435,Round Robin re-permutated
0.3082253534794354,0.6820594336219337,0.21022801002210403,0.8956521739130435,Round Robin re-permutated
0.29456249010324187,0.6909880050505051,0.20353914739914825,0.8956521739130435,Round Robin re-permutated
0.3099577452010675,0.696940386002886,0.21602207058501616,0.8956521739130435,Round Robin re-permutated
0.30822535347943547,0.6820594336219336,0.210228010022104,0.8956521739130435,Round Robin re-permutated
0.34208841782422006,0.7046784812409813,0.24106234672250162,0.8956521739130435,Round Robin re-permutated
0.33019139609439235,0.6915832431457432,0.22835483656978053,0.8956521739130435,Round Robin re-permutated
0.3109966369611555,0.7040832431457431,0.21896752075902962,0.8956521739130435,Round Robin re-permutated
0.30964866321095186,0.7005118145743146,0.21691254694641468,0.8956521739130435,Round Robin re-permutated
0.33650492562298306,0.6951546717171717,0.23392297110265609,0.8956521739130435,Round Robin re-permutated
0.3365049256229832,0.6951546717171716,0.2339229711026561,0.8956521739130435,Round Robin re-permutated
0.3083404272205846,0.6856308621933621,0.211407712964319,0.8956521739130435,Round Robin re-permutated
0.30273930669759574,0.696940386002886,0.21099124926806848,0.8956521739130435,Round Robin re-permutated
0.30273930669759574,0.696940386002886,0.21099124926806848,0.8956521739130435,Round Robin re-permutated
0.33692411299702724,0.6915832431457432,0.23301107076048694,0.8956521739130435,Round Robin re-permutated
0.2967356365168155,0.7040832431457431,0.20892658931567587,0.8956521739130435,Round Robin re-permutated
0.3083404272205846,0.6856308621933621,0.211407712964319,0.8956521739130435,Round Robin re-permutated
0.29456249010324187,0.6909880050505051,0.20353914739914825,0.8956521739130435,Round Robin re-permutated
0.32982312680747566,0.6856308621933621,0.22613691480432016,0.8956521739130435,Round Robin re-permutated
0.2951725364829651,0.7005118145743146,0.20677184914418495,0.8956521739130435,Round Robin re-permutated
0.32993377004431956,0.6820594336219337,0.2250344403291779,0.8956521739130435,Round Robin re-permutated
0.30210313140084427,0.6909880050505051,0.20874964008618,0.8956521739130435,Round Robin re-permutated
0.3099577452010675,0.696940386002886,0.21602207058501616,0.8956521739130435,Round Robin re-permutated
0.3483541344008376,0.7046784812409813,0.24547766236359894,0.8956521739130435,Round Robin re-permutated
0.33019139609439235,0.6915832431457432,0.22835483656978053,0.8956521739130435,Round Robin re-permutated
0.30210313140084427,0.6909880050505051,0.20874964008618,0.8956521739130435,Round Robin re-permutated
0.32983343923233993,0.6951546717171717,0.22928525617090295,0.8956521739130435,Round Robin re-permutated
0.3440904956489682,0.6987261002886003,0.24042501017117512,0.8956521739130435,Round Robin re-permutated
0.32434218445355406,0.6987261002886003,0.2266263497023177,0.8956521739130435,Round Robin re-permutated
0.2951725364829651,0.7005118145743146,0.20677184914418495,0.8956521739130435,Round Robin re-permutated
0.3235439799188049,0.7136070526695526,0.2308832659188353,0.8956521739130435,Round Robin re-permutated
0.30249720736075963,0.7005118145743146,0.21190286763194843,0.8956521739130435,Round Robin re-permutated
0.30964866321095186,0.7005118145743146,0.21691254694641468,0.8956521739130435,Round Robin re-permutated
0.31701186066221365,0.696940386002886,0.2209383685374163,0.8956521739130435,Round Robin re-permutated
0.3440904956489682,0.6987261002886003,0.24042501017117512,0.8956521739130435,Round Robin re-permutated
0.3312389070358618,0.7040832431457431,0.23321976392186086,0.8956521739130435,Round Robin re-permutated
0.34907456577462515,0.7082499098124098,0.24723202972768435,0.8956521739130435,Round Robin re-permutated
0.31597576721986803,0.710035624098124,0.22435405107784256,0.8956521739130435,Round Robin re-permutated
0.31663864071777553,0.7005118145743146,0.22180910877355337,0.8956521739130435,Round Robin re-permutated
0.33650492562298306,0.6951546717171717,0.23392297110265609,0.8956521739130435,Round Robin re-permutated
0.2951725364829651,0.7005118145743146,0.20677184914418495,0.8956521739130435,Round Robin re-permutated
0.3020756946782908,0.6874165764790765,0.20765183987328947,0.8956521739130435,Round Robin re-permutated
0.30273930669759574,0.696940386002886,0.21099124926806848,0.8956521739130435,Round Robin re-permutated
0.3235439799188049,0.7136070526695526,0.2308832659188353,0.8956521739130435,Round Robin re-permutated
0.30915950906451584,0.710035624098124,0.21951426496449314,0.8956521739130435,Round Robin re-permutated
0.33019139609439235,0.6915832431457432,0.22835483656978053,0.8956521739130435,Round Robin re-permutated
0.29534449686654407,0.696940386002886,0.20583750764999736,0.8956521739130435,Round Robin re-permutated
0.31788731228566397,0.7040832431457431,0.22381912978897392,0.8956521739130435,Round Robin re-permutated
0.30273930669759574,0.696940386002886,0.21099124926806848,0.8956521739130435,Round Robin re-permutated
0.33019139609439235,0.6915832431457432,0.22835483656978053,0.8956521739130435,Round Robin re-permutated
0.3095090293127888,0.6874165764790765,0.2127616373195594,0.8956521739130435,Round Robin re-permutated
0.3365826161218488,0.7082499098124098,0.23838460751272436,0.8956521739130435,Round Robin re-permutated
0.32983343923233993,0.6951546717171717,0.22928525617090295,0.8956521739130435,Round Robin re-permutated
0.3376360915779041,0.6987261002886003,0.23591514958491364,0.8956521739130435,Round Robin re-permutated
0.32434218445355406,0.6987261002886003,0.2266263497023177,0.8956521739130435,Round Robin re-permutated
0.29445476970937184,0.6874165764790765,0.20241308972155128,0.8956521739130435,Round Robin re-permutated
0.33692411299702724,0.6915832431457432,0.23301107076048694,0.8956521739130435,Round Robin re-permutated
0.30273930669759574,0.696940386002886,0.21099124926806848,0.8956521739130435,Round Robin re-permutated
0.3440904956489682,0.6987261002886003,0.24042501017117512,0.8956521739130435,Round Robin re-permutated
0.30273930669759574,0.696940386002886,0.21099124926806848,0.8956521739130435,Round Robin re-permutated
0.35515581083293674,0.7082499098124098,0.2515390709917807,0.8956521739130435,Round Robin re-permutated
0.34208841782422006,0.7046784812409813,0.24106234672250162,0.8956521739130435,Round Robin re-permutated
0.34208841782422006,0.7046784812409813,0.24106234672250162,0.8956521739130435,Round Robin re-permutated
0.32264805732462737,0.710035624098124,0.22909161474653908,0.8956521739130435,Round Robin re-permutated
0.35664905287390314,0.6987261002886003,0.24920000188620514,0.8956521739130435,Round Robin re-permutated
0.34946602071434757,0.6951546717171717,0.24293293690598863,0.8956521739130435,Round Robin re-permutated
0.2967356365168155,0.7040832431457431,0.20892658931567587,0.8956521739130435,Round Robin re-permutated
0.3096486632109518,0.7005118145743146,0.21691254694641465,0.8956521739130435,Round Robin re-permutated
0.29534449686654407,0.696940386002886,0.20583750764999736,0.8956521739130435,Round Robin re-permutated
0.33692411299702724,0.6915832431457432,0.23301107076048694,0.8956521739130435,Round Robin re-permutated
0.3230241946095338,0.6951546717171717,0.22455177796049425,0.8956521739130435,Round Robin re-permutated
0.2967356365168155,0.7040832431457431,0.20892658931567587,0.8956521739130435,Round Robin re-permutated
0.3235439799188049,0.7136070526695526,0.2308832659188353,0.8956521739130435,Round Robin re-permutated
0.3235439799188049,0.7136070526695526,0.2308832659188353,0.8956521739130435,Round Robin re-permutated
0.3083404272205846,0.6856308621933621,0.211407712964319,0.8956521739130435,Round Robin re-permutated
0.34907456577462515,0.7082499098124098,0.24723202972768435,0.8956521739130435,Round Robin re-permutated
0.34907456577462515,0.7082499098124098,0.24723202972768435,0.8956521739130435,Round Robin re-permutated
0.33019139609439235,0.6915832431457432,0.22835483656978053,0.8956521739130435,Round Robin re-permutated
0.29456249010324187,0.6909880050505051,0.20353914739914825,0.8956521739130435,Round Robin re-permutated
0.32993377004431956,0.6820594336219337,0.2250344403291779,0.8956521739130435,Round Robin re-permutated
0.3024972073607597,0.7005118145743146,0.21190286763194846,0.8956521739130435,Round Robin re-permutated
0.34616504389571245,0.6163352272727273,0.21335371100333755,0.808695652173913,Manual Allocation
